{"ENTITY_ID":4,"tables":[{"id":"8f49ec2c-7e23-4b5c-8879-912b23e748fd","position":{"x":263,"y":161},"data":{"table_name":"fabricante","fields":[{"fieldName":"cc","fieldType":2,"isPK":true,"isNotNull":false,"isUnique":false,"defaultValue":"","args":"","isAutoIncrement":false},{"fieldName":"nome","fieldType":10,"isPK":false,"isNotNull":false,"isUnique":false,"defaultValue":"","args":["512"],"isAutoIncrement":false},{"fieldName":"nacionalidade","fieldType":10,"isPK":false,"isNotNull":false,"isUnique":false,"defaultValue":"","args":["512"],"isAutoIncrement":false},{"fieldName":"dataNasc","fieldType":7,"isPK":false,"isNotNull":false,"isUnique":false,"defaultValue":"","args":"","isAutoIncrement":false},{"fieldName":"dataFal","fieldType":7,"isPK":false,"isNotNull":false,"isUnique":false,"defaultValue":"","args":"","isAutoIncrement":false}],"next_id":5,"checkName":[],"checkCondition":[]}},{"id":"61a5d942-6de3-45e4-b11e-081b95aaea8d","position":{"x":266,"y":384},"data":{"table_name":"bola","fields":[{"fieldName":"id_bola","fieldType":2,"isPK":true,"isNotNull":false,"isUnique":false,"defaultValue":"","args":"","isAutoIncrement":false},{"fieldName":"tipo","fieldType":10,"isPK":false,"isNotNull":false,"isUnique":false,"defaultValue":"","args":["512"],"isAutoIncrement":false},{"fieldName":"data_criacao","fieldType":7,"isPK":false,"isNotNull":false,"isUnique":false,"defaultValue":"","args":"","isAutoIncrement":false},{"fieldName":"design","fieldType":10,"isPK":false,"isNotNull":false,"isUnique":false,"defaultValue":"","args":["512"],"isAutoIncrement":false},{"fieldName":"tamanho","fieldType":4,"isPK":false,"isNotNull":false,"isUnique":false,"defaultValue":"","args":["8"],"isAutoIncrement":false}],"next_id":5,"checkName":[],"checkCondition":[]}},{"id":"b9579b8e-bb71-49da-8904-5f8b86d3701d","position":{"x":264,"y":614},"data":{"table_name":"imagens_bola","fields":[{"fieldName":"id_imagem","fieldType":3,"isPK":true,"isNotNull":false,"isUnique":false,"defaultValue":"","args":[1,1],"isAutoIncrement":false},{"fieldName":"imagem","fieldType":10,"isPK":false,"isNotNull":false,"isUnique":false,"defaultValue":"","args":["512"],"isAutoIncrement":false}],"next_id":2,"checkName":[],"checkCondition":[]}},{"id":"6b7e86d6-418a-4295-a00c-6d2e2258fe60","position":{"x":769,"y":313},"data":{"table_name":"jogo","fields":[{"fieldName":"id_jogo","fieldType":2,"isPK":true,"isNotNull":false,"isUnique":false,"defaultValue":"","args":"","isAutoIncrement":false},{"fieldName":"data","fieldType":7,"isPK":false,"isNotNull":false,"isUnique":false,"defaultValue":"","args":"","isAutoIncrement":false},{"fieldName":"nomeEquipa1","fieldType":10,"isPK":false,"isNotNull":false,"isUnique":false,"defaultValue":"","args":["512"],"isAutoIncrement":false},{"fieldName":"nomeEquipa2","fieldType":10,"isPK":false,"isNotNull":false,"isUnique":false,"defaultValue":"","args":["512"],"isAutoIncrement":false}],"next_id":4,"checkName":[],"checkCondition":[]}},{"id":"ee453bf3-150a-419f-a680-05d655fe9032","position":{"x":769,"y":531},"data":{"table_name":"jogador","fields":[{"fieldName":"cc","fieldType":2,"isPK":true,"isNotNull":false,"isUnique":false,"defaultValue":"","args":"","isAutoIncrement":false},{"fieldName":"nome","fieldType":10,"isPK":false,"isNotNull":false,"isUnique":false,"defaultValue":"","args":["512"],"isAutoIncrement":false},{"fieldName":"nacionalidade","fieldType":10,"isPK":false,"isNotNull":false,"isUnique":false,"defaultValue":"","args":["512"],"isAutoIncrement":false},{"fieldName":"dataNasc","fieldType":7,"isPK":false,"isNotNull":false,"isUnique":false,"defaultValue":"","args":"","isAutoIncrement":false},{"fieldName":"dataFal","fieldType":7,"isPK":false,"isNotNull":false,"isUnique":false,"defaultValue":"","args":"","isAutoIncrement":false}],"next_id":5,"checkName":[],"checkCondition":[]}}],"links":[{"source":"8f49ec2c-7e23-4b5c-8879-912b23e748fd","target":"61a5d942-6de3-45e4-b11e-081b95aaea8d","order":"normal","sourceCard":"1:1","targetCard":"0:n","label":"faz","hierType":null,"sourceisweak":false,"targetisweak":false},{"source":"61a5d942-6de3-45e4-b11e-081b95aaea8d","target":"b9579b8e-bb71-49da-8904-5f8b86d3701d","order":"normal","sourceCard":"1:1","targetCard":"0:n","label":"tem","hierType":null,"sourceisweak":false,"targetisweak":false},{"source":"6b7e86d6-418a-4295-a00c-6d2e2258fe60","target":"61a5d942-6de3-45e4-b11e-081b95aaea8d","order":"normal","sourceCard":"0:n","targetCard":"1:1","label":"joga com","hierType":null,"sourceisweak":false,"targetisweak":false},{"source":"6b7e86d6-418a-4295-a00c-6d2e2258fe60","target":"ee453bf3-150a-419f-a680-05d655fe9032","order":"normal","sourceCard":"0:n","targetCard":"1:1","label":"joga","hierType":null,"sourceisweak":false,"targetisweak":false}],"normalization":1,"database":0}