{"ENTITY_ID":4,"tables":[{"id":"aac30bf4-33a3-4270-acc7-752a8e105f9f","position":{"x":263,"y":161},"data":{"table_name":"fabricante","fields":[{"fieldName":"cc","fieldType":2,"isPK":true,"isNotNull":false,"isUnique":false,"defaultValue":"","args":"","isAutoIncrement":false},{"fieldName":"nome","fieldType":10,"isPK":false,"isNotNull":false,"isUnique":false,"defaultValue":"","args":["512"],"isAutoIncrement":false},{"fieldName":"nacionalidade","fieldType":10,"isPK":false,"isNotNull":false,"isUnique":false,"defaultValue":"","args":["512"],"isAutoIncrement":false},{"fieldName":"dataNasc","fieldType":7,"isPK":false,"isNotNull":false,"isUnique":false,"defaultValue":"","args":"","isAutoIncrement":false},{"fieldName":"dataFal","fieldType":7,"isPK":false,"isNotNull":false,"isUnique":false,"defaultValue":"","args":"","isAutoIncrement":false}],"next_id":5,"checkName":[],"checkCondition":[]}},{"id":"679b20a2-af14-4bec-a198-592860a4f686","position":{"x":266,"y":384},"data":{"table_name":"bola","fields":[{"fieldName":"id_bola","fieldType":2,"isPK":true,"isNotNull":false,"isUnique":false,"defaultValue":"","args":"","isAutoIncrement":false},{"fieldName":"tipo","fieldType":10,"isPK":false,"isNotNull":false,"isUnique":false,"defaultValue":"","args":["512"],"isAutoIncrement":false},{"fieldName":"data_criacao","fieldType":7,"isPK":false,"isNotNull":false,"isUnique":false,"defaultValue":"","args":"","isAutoIncrement":false},{"fieldName":"design","fieldType":10,"isPK":false,"isNotNull":false,"isUnique":false,"defaultValue":"","args":["512"],"isAutoIncrement":false},{"fieldName":"tamanho","fieldType":4,"isPK":false,"isNotNull":false,"isUnique":false,"defaultValue":"","args":["8"],"isAutoIncrement":false}],"next_id":5,"checkName":[],"checkCondition":[]}},{"id":"da33456f-c48b-459b-8975-c79bd72768f8","position":{"x":264,"y":614},"data":{"table_name":"imagens","fields":[{"fieldName":"id_imagem","fieldType":3,"isPK":true,"isNotNull":false,"isUnique":false,"defaultValue":"","args":[1,1],"isAutoIncrement":false},{"fieldName":"imagem","fieldType":10,"isPK":false,"isNotNull":false,"isUnique":false,"defaultValue":"","args":["512"],"isAutoIncrement":false}],"next_id":2,"checkName":[],"checkCondition":[]}},{"id":"48bf38d4-79d6-4b32-9df7-5af0854468aa","position":{"x":768,"y":390},"data":{"table_name":"jogo","fields":[{"fieldName":"id_jogo","fieldType":2,"isPK":true,"isNotNull":false,"isUnique":false,"defaultValue":"","args":"","isAutoIncrement":false},{"fieldName":"data","fieldType":7,"isPK":false,"isNotNull":false,"isUnique":false,"defaultValue":"","args":"","isAutoIncrement":false},{"fieldName":"nomeEquipa1","fieldType":10,"isPK":false,"isNotNull":false,"isUnique":false,"defaultValue":"","args":["512"],"isAutoIncrement":false},{"fieldName":"nomeEquipa2","fieldType":10,"isPK":false,"isNotNull":false,"isUnique":false,"defaultValue":"","args":["512"],"isAutoIncrement":false}],"next_id":4,"checkName":[],"checkCondition":[]}},{"id":"5d3c81cf-9bee-4e41-8cca-46c81dee7a47","position":{"x":770,"y":630},"data":{"table_name":"jogador","fields":[{"fieldName":"cc","fieldType":2,"isPK":true,"isNotNull":false,"isUnique":false,"defaultValue":"","args":"","isAutoIncrement":false},{"fieldName":"nome","fieldType":10,"isPK":false,"isNotNull":false,"isUnique":false,"defaultValue":"","args":["512"],"isAutoIncrement":false},{"fieldName":"nacionalidade","fieldType":10,"isPK":false,"isNotNull":false,"isUnique":false,"defaultValue":"","args":["512"],"isAutoIncrement":false},{"fieldName":"dataNasc","fieldType":7,"isPK":false,"isNotNull":false,"isUnique":false,"defaultValue":"","args":"","isAutoIncrement":false},{"fieldName":"dataFal","fieldType":7,"isPK":false,"isNotNull":false,"isUnique":false,"defaultValue":"","args":"","isAutoIncrement":false}],"next_id":5,"checkName":[],"checkCondition":[]}}],"links":[{"source":"aac30bf4-33a3-4270-acc7-752a8e105f9f","target":"679b20a2-af14-4bec-a198-592860a4f686","order":"normal","sourceCard":"1:1","targetCard":"0:n","label":"faz","hierType":null,"sourceisweak":false,"targetisweak":false},{"source":"679b20a2-af14-4bec-a198-592860a4f686","target":"da33456f-c48b-459b-8975-c79bd72768f8","order":"normal","sourceCard":"1:1","targetCard":"0:n","label":"tem","hierType":null,"sourceisweak":false,"targetisweak":false},{"source":"48bf38d4-79d6-4b32-9df7-5af0854468aa","target":"679b20a2-af14-4bec-a198-592860a4f686","order":"normal","sourceCard":"0:n","targetCard":"1:1","label":"joga com","hierType":null,"sourceisweak":false,"targetisweak":false},{"source":"48bf38d4-79d6-4b32-9df7-5af0854468aa","target":"5d3c81cf-9bee-4e41-8cca-46c81dee7a47","order":"normal","sourceCard":"0:n","targetCard":"1:1","label":"joga","hierType":null,"sourceisweak":false,"targetisweak":false}],"normalization":1,"database":0}